label	chrome-handles-no-compact_no_sandbox_js_flags=no_compact_with_stack	chrome-direct-no-compact_no_sandbox_js_flags=no_compact_with_stack
browser	Chrome	Chrome
version	112.0.5572.0	112.0.5572.0
binary	/home/jake/chromium/src/out/handles_full_gc/chrome	/home/jake/chromium/src/out/direct_pointers_full_gc/chrome
flags	--no-default-browser-check --disable-component-update --disable-sync --no-experiments --enable-benchmarking --disable-extensions --no-first-run --disable-background-timer-throttling --disable-renderer-backgrounding --no-sandbox --js-flags=--no-compact-with-stack	--no-default-browser-check --disable-component-update --disable-sync --no-experiments --enable-benchmarking --disable-extensions --no-first-run --disable-background-timer-throttling --disable-renderer-backgrounding --no-sandbox --js-flags=--no-compact-with-stack
Angular2-TypeScript-TodoMVC		
Adding100Items		
Async	33.538260428328925	33.74871825490046
Sync	50.54110812573018	49.52272421015089
total	84.1044275896873	83.30327775909177
CompletingAllItems		
Async	14.985417582035852	16.136570406467648
Sync	9.68633971708442	9.644339044727879
total	24.759709781410752	25.950863251182046
DeletingItems		
Async	2.6688699191080087	3.014905062253767
Sync	17.675015899976948	17.44160146903302
total	20.345005064408017	20.670838941924075
total	129.37478707424535	130.26042511790445
AngularJS-TodoMVC		
Adding100Items		
Async	43.89093806237174	43.766349939868924
Sync	215.14773359376642	214.65107998363288
total	259.0820849355286	258.7485705118039
CompletingAllItems		
Async	28.499337797883584	29.091544190036423
Sync	67.12293289175992	66.28868078800616
total	95.63210271084883	95.41559832335301
DeletingAllItems		
Async	15.459955574700372	13.345405303551898
Sync	245.6579559410738	220.11413879267096
total	261.52083353031475	233.46843696820028
total	618.6280181832079	589.514569305926
BackboneJS-TodoMVC		
Adding100Items		
Async	40.07853091504755	40.05787555065085
Sync	70.23374388695451	69.22345658775265
total	110.3266056738373	109.29279023093676
CompletingAllItems		
Async	31.19895279015274	31.22854640478006
Sync	46.03171793109905	45.43244212574227
total	77.23272850984884	76.66241450377953
DeletingAllItems		
Async	3.5888175394817576	3.449457389036735
Sync	29.400980380009464	28.81115949070952
total	33.007879722740014	32.2731386537804
total	220.59190521674586	218.24915685211425
Elm-TodoMVC		
Adding100Items		
Async	46.667434524782855	47.47621157326939
Sync	121.77523706310117	131.6330643881676
total	169.5730723103266	180.73191129334137
CompletingAllItems		
Async	34.33096457273675	34.22059940408607
Sync	133.987238235521	126.8127020550632
total	169.6434358957009	161.87702326348398
DeletingItems		
Async	10.275024436284422	9.80866118668724
Sync	155.28212182871604	132.71178188344336
total	166.16363726204898	142.90260760194963
total	523.8754503958555	495.9726298103802
EmberJS-Debug-TodoMVC		
Adding100Items		
Async	43.18225116986193	44.65055614136621
Sync	535.7959146130677	554.2054545647566
total	579.0046625791672	598.8885832362953
CompletingAllItems		
Async	30.01914967076641	29.369561274710424
Sync	342.9028973499703	347.50933163563764
total	373.06318295383545	376.94351104082074
DeletingItems		
Async	5.701822236950915	5.056523244807153
Sync	384.0259868102089	375.66102156848933
total	390.42635658938394	381.482087938144
total	1348.4204396708865	1362.0922631800804
EmberJS-TodoMVC		
Adding100Items		
Async	37.552349488760875	36.687309453077035
Sync	200.68410600014565	191.16441649908612
total	238.35241023706604	227.9060257039738
CompletingAllItems		
Async	29.689845354355327	29.00130342894309
Sync	122.50298013311736	124.34394133816309
total	152.3870950609049	153.65085820178186
DeletingItems		
Async	3.479856710527418	3.294810513299073
Sync	79.7706225639913	80.17998027642068
total	83.51603056704776	83.84138674488001
total	476.4555689639891	467.69421921839415
Flight-TodoMVC		
Adding100Items		
Async	35.568338911024334	35.62868247370595
Sync	96.90011020894656	95.02338639689496
total	132.4763497916849	130.65673839653857
CompletingAllItems		
Async	27.498009031408966	27.667733107173785
Sync	103.37097460587752	103.4866305635702
total	130.871571087093	131.15674760083033
DeletingItems		
Async	2.856555783976868	2.835328357365224
Sync	86.25488288869718	85.76340983305646
total	89.11582811615654	88.60198047259007
total	352.4673250158889	350.42666653656903
Inferno-TodoMVC		
Adding100Items		
Async	36.86758777991847	37.01577948517664
Sync	46.590830128470216	48.34728995330911
total	83.49370981584734	85.42829085153421
CompletingAllItems		
Async	6.906262794587639	6.732431763217565
Sync	99.91132095367841	101.12887886916471
total	107.051714400508	108.0996241774357
DeletingItems		
Async	2.6284655660290848	2.609058560824053
Sync	235.981973019991	237.35457765571988
total	238.61195978436578	239.96590262620174
total	429.1950076952219	433.53209922938385
Preact-TodoMVC		
Adding100Items		
Async	42.61740124942836	42.545696617684
Sync	6.363182199837873	6.201708199329141
total	48.98273454579981	48.75119126742817
CompletingAllItems		
Async	29.57870000312039	29.65687383663642
Sync	3.8645696106775813	3.824070631321243
total	33.4470536492976	33.48513991979307
DeletingItems		
Async	5.4513202306849715	5.615454476108686
Sync	2.0197840280221535	2.0452717372719516
total	7.480785169094392	7.676174070604338
total	89.94427758299767	89.95528790207858
React-Redux-TodoMVC		
Adding100Items		
Async	37.32341229161785	37.34460385168694
Sync	167.57010969926037	166.9986167552717
total	204.92814006212572	204.3714591487302
CompletingAllItems		
Async	29.197761456556695	28.360906386192305
Sync	169.29741147570212	170.68472496313956
total	198.72030638897715	199.30511670294206
DeletingItems		
Async	4.254459676760998	4.138856081188925
Sync	107.61740407407714	116.09388728548251
total	112.472761085245	120.55031885243469
total	517.3553649602308	530.2916439866558
React-TodoMVC		
Adding100Items		
Async	38.64302524629366	38.677175273361506
Sync	142.87701850376214	146.35605243667445
total	181.95928579970786	185.93984366735512
CompletingAllItems		
Async	29.864444084915448	29.365677926647145
Sync	97.43802818295866	90.38974083740895
total	128.3875340842761	120.40198227738541
DeletingAllItems		
Async	4.045289245991709	3.576582228059422
Sync	55.75869597863463	55.52296368630484
total	60.53820384359545	59.54624589599603
total	378.2074261353028	371.7760810917989
Vanilla-ES2015-Babel-Webpack-TodoMVC		
Adding100Items		
Async	34.6581308069505	34.111904098636714
Sync	325.75956430019494	324.90178776077977
total	360.5396757371584	359.03586336292597
CompletingAllItems		
Async	28.642023290559113	26.995515843733475
Sync	71.2544998190549	71.23298429125589
total	99.90347687208659	98.2356947856512
DeletingItems		
Async	2.969313284159607	2.968983192863697
Sync	45.277804689599385	45.27760833992817
total	48.248350277581295	48.24824270192227
total	508.7185014224749	505.526794354736
Vanilla-ES2015-TodoMVC		
Adding100Items		
Async	33.89664449564345	33.95866403391039
Sync	345.8412534613109	333.1499093459122
total	379.7477642719278	367.17686088260825
CompletingAllItems		
Async	29.02494008682393	29.04843250255969
Sync	71.58578234056714	71.32929877595177
total	100.63455787736821	100.41163259829709
DeletingItems		
Async	3.1196904526092952	2.8262560035250264
Sync	45.072808702424474	44.75021913385018
total	48.40431179262627	47.58060281118028
total	528.9512884523245	515.1830980351502
VanillaJS-TodoMVC		
Adding100Items		
Async	32.84151911979368	33.69158830813629
Sync	228.91090669254018	240.87886375211644
total	261.754396456541	274.66860384864685
CompletingAllItems		
Async	27.500458542575053	27.734952550711558
Sync	61.863280667029166	62.73775230927328
total	89.38508456669602	90.49078094422177
DeletingAllItems		
Async	3.2788492852823583	3.4723442526468498
Sync	40.117460911188914	40.34208734188925
total	43.39811998232638	43.95517724244043
total	394.5703456540836	409.5251514844257
VueJS-TodoMVC		
Adding100Items		
Async	60.51704041756854	60.50355071453259
Sync	9.076294637357181	8.78013807240407
total	69.5939909767526	69.289977656948
CompletingAllItems		
Async	31.350167178820147	30.955121881046498
Sync	3.928699950326812	3.818496542401825
total	35.339637306677034	34.801698520040475
DeletingAllItems		
Async	8.456324954227155	8.838728052014277
Sync	4.917450171854834	4.856574545932932
total	13.399597034811835	13.708554798542753
total	118.76861381907199	118.01246531778389
jQuery-TodoMVC		
Adding100Items		
Async	42.37450299925795	41.46915351794552
Sync	516.7214413566618	499.4935599207256
total	559.1222514870778	540.9703316051094
CompletingAllItems		
Async	38.90498575201457	39.78596531852678
Sync	982.6587703056713	992.7631399105412
total	1021.6840087964498	1032.6651606072949
DeletingAllItems		
Async	2.767847486057179	4.105919679571455
Sync	517.3945238995574	523.0016220131192
total	520.1639505086163	528.049661758722
total	2101.249522403243	2103.3660290679422
geomean	399.3930256208616	396.80055210680456
mean	547.7179767483058	545.0592642079339
score	50.075987102953924	50.40315567559171
total	8763.487627972894	8720.948227326944
